variable,median,lower_CI,upper_CI
F.A,-0.081602283,-0.123086103,-0.039925914
F.A_gyrb,-0.254935099,-0.295832146,-0.212822507
F.D,-0.047477115,-0.08921433,-0.003469934
F.D_gyrb,-0.252514748,-0.295458595,-0.212190089
F.G,-0.029849399,-0.071521589,0.011247358
F.G_gyrb,-0.489658487,-0.532243927,-0.446732681
F.N,-0.076587182,-0.118637434,-0.032275223
F.N_gyrb,-0.447915066,-0.489702734,-0.40560707
S.A,-0.006711861,-0.04846079,0.034787601
S.A_gyrb,-0.284144956,-0.326864189,-0.242085055
S.D,-0.002460546,-0.084170977,0.081484406
S.D_gyrb,-0.145817766,-0.186976079,-0.104368282
S.G,-0.230267548,-0.272674099,-0.18705283
S.G_gyrb,-0.374161712,-0.415800031,-0.333286215
S.N,-0.153799021,-0.195462141,-0.111129597
S.N_gyrb,-0.211358956,-0.253088329,-0.169030641
gyrb_given_F.A,-0.172620774,-0.232335544,-0.114319665
gyrb_given_F.D,-0.205959135,-0.263342335,-0.147001874
gyrb_given_F.G,-0.459207322,-0.519135011,-0.399142156
gyrb_given_F.N,-0.371568951,-0.433465087,-0.312187744
gyrb_given_S.A,-0.278233224,-0.336132108,-0.219027089
gyrb_given_S.D,-0.142709432,-0.235914273,-0.052803447
gyrb_given_S.G,-0.144089089,-0.203763178,-0.086395656
gyrb_given_S.N,-0.057779146,-0.116925937,0.002600252
